"Date","Price","Open","High","Low","Vol.","Change %"
"11/29/2024","1,311.26","1,301.34","1,311.67","1,298.64","136.47M","0.75%"
"11/28/2024","1,301.52","1,305.79","1,310.41","1,298.43","145.66M","0.04%"
"11/27/2024","1,301.06","1,297.28","1,303.99","1,296.94","113.49M","0.14%"
"11/26/2024","1,299.22","1,292.84","1,304.34","1,292.27","140.91M","0.56%"
"11/25/2024","1,291.94","1,286.46","1,293.30","1,285.82","139.57M","0.46%"
"11/22/2024","1,286.07","1,286.98","1,292.21","1,284.01","155.32M","-0.05%"
"11/21/2024","1,286.67","1,272.40","1,286.67","1,266.45","193.77M","1.17%"
"11/20/2024","1,271.73","1,258.25","1,277.67","1,250.67","214.06M","1.00%"
"11/19/2024","1,259.08","1,272.23","1,273.49","1,259.00","169.40M","-0.88%"
"11/18/2024","1,270.23","1,270.71","1,277.80","1,255.16","236.21M","-0.08%"
"11/15/2024","1,271.22","1,283.78","1,284.30","1,270.44","253.28M","-1.20%"
"11/14/2024","1,286.65","1,300.43","1,303.71","1,286.52","186.25M","-1.33%"
"11/13/2024","1,304.04","1,299.52","1,305.42","1,290.61","197.22M","0.16%"
"11/12/2024","1,301.95","1,312.55","1,315.80","1,297.99","184.86M","-0.65%"
"11/11/2024","1,310.46","1,317.34","1,318.71","1,298.78","302.54M","-0.52%"
"11/08/2024","1,317.34","1,331.32","1,331.51","1,312.83","194.30M","-0.70%"
"11/07/2024","1,326.65","1,335.07","1,336.29","1,325.87","139.49M","-0.22%"
"11/06/2024","1,329.56","1,314.11","1,331.53","1,314.11","171.80M","1.23%"
"11/05/2024","1,313.35","1,312.43","1,317.60","1,311.85","119.97M","0.05%"
"11/04/2024","1,312.64","1,325.94","1,326.99","1,311.03","232.21M","-0.98%"
"11/01/2024","1,325.62","1,333.76","1,336.08","1,324.42","210.85M","-0.97%"
"10/31/2024","1,338.60","1,334.10","1,341.01","1,328.19","198.15M","0.36%"
"10/30/2024","1,333.85","1,337.16","1,338.47","1,327.14","187.75M","-0.14%"
"10/29/2024","1,335.76","1,328.92","1,335.76","1,328.92","170.36M","0.56%"
"10/28/2024","1,328.33","1,324.70","1,328.57","1,322.97","144.59M","0.21%"
"10/25/2024","1,325.54","1,333.77","1,334.78","1,322.69","209.96M","-0.31%"
"10/24/2024","1,329.62","1,349.22","1,351.59","1,329.62","257.10M","-1.49%"
"10/23/2024","1,349.72","1,348.93","1,351.72","1,340.13","225.44M","0.06%"
"10/22/2024","1,348.92","1,357.42","1,359.40","1,344.10","292.65M","-0.67%"
"10/21/2024","1,358.03","1,361.28","1,366.36","1,358.03","193.89M","-0.34%"
"10/18/2024","1,362.69","1,368.11","1,372.66","1,360.64","272.77M","-0.01%"
"10/17/2024","1,362.89","1,357.31","1,362.89","1,346.14","225.85M","0.65%"
"10/16/2024","1,354.10","1,355.01","1,358.07","1,350.45","174.90M","-0.15%"
"10/15/2024","1,356.09","1,360.50","1,367.55","1,353.10","254.82M","-0.20%"
"10/14/2024","1,358.76","1,362.84","1,373.66","1,357.65","229.59M","-0.27%"
"10/11/2024","1,362.50","1,361.88","1,364.59","1,355.07","194.26M","0.14%"
"10/10/2024","1,360.58","1,355.69","1,370.15","1,355.69","295.00M","0.64%"
"10/09/2024","1,351.97","1,340.56","1,352.52","1,338.93","304.79M","0.96%"
"10/08/2024","1,339.05","1,337.90","1,344.38","1,331.61","253.32M","0.27%"
"10/07/2024","1,335.48","1,342.85","1,345.76","1,328.45","189.75M","-0.05%"
"10/04/2024","1,336.21","1,347.32","1,348.23","1,336.21","238.26M","-0.76%"
"10/03/2024","1,346.46","1,355.78","1,371.67","1,345.28","411.19M","-0.59%"
"10/02/2024","1,354.51","1,354.67","1,361.46","1,350.92","259.87M","-0.32%"
"10/01/2024","1,358.88","1,355.22","1,370.14","1,355.22","353.70M","0.47%"
"09/30/2024","1,352.56","1,351.21","1,354.91","1,346.18","268.20M","0.00%"
"09/27/2024","1,352.57","1,355.13","1,361.20","1,346.91","400.98M","0.13%"
"09/26/2024","1,350.85","1,346.43","1,359.71","1,344.01","414.07M","0.50%"
"09/25/2024","1,344.07","1,337.80","1,344.07","1,334.06","359.51M","0.99%"
"09/24/2024","1,330.87","1,320.58","1,330.87","1,318.29","210.39M","0.74%"
"09/23/2024","1,321.12","1,329.93","1,333.73","1,320.95","183.24M","-0.37%"
"09/20/2024","1,326.00","1,325.02","1,336.79","1,324.90","394.46M","0.58%"
"09/19/2024","1,318.41","1,315.17","1,319.41","1,312.28","171.75M","0.57%"
"09/18/2024","1,310.94","1,304.91","1,317.70","1,302.07","233.29M","0.56%"
"09/17/2024","1,303.65","1,282.84","1,303.65","1,281.16","141.55M","1.74%"
"09/16/2024","1,281.37","1,292.54","1,298.79","1,281.37","","-1.00%"
"09/13/2024","1,294.30","1,297.84","1,298.56","1,291.82","118.48M","-0.26%"
"09/12/2024","1,297.61","1,298.83","1,301.83","1,296.16","146.39M","0.29%"
"09/11/2024","1,293.88","1,292.14","1,298.37","1,285.66","146.84M","-0.01%"
"09/10/2024","1,294.06","1,309.56","1,312.49","1,291.16","208.13M","-1.00%"
"09/09/2024","1,307.15","1,310.11","1,310.64","1,303.04","160.91M","-0.63%"
"09/06/2024","1,315.39","1,309.72","1,315.63","1,304.78","184.68M","0.48%"
"09/05/2024","1,309.05","1,318.31","1,322.56","1,306.76","213.31M","-0.66%"
"09/04/2024","1,317.71","1,319.88","1,321.32","1,311.40","205.80M","-1.04%"
"08/30/2024","1,331.52","1,328.50","1,333.56","1,327.61","155.15M","0.37%"
"08/29/2024","1,326.67","1,322.93","1,332.27","1,322.93","217.25M","0.24%"
"08/28/2024","1,323.54","1,325.77","1,327.64","1,320.18","190.82M","0.10%"
"08/27/2024","1,322.28","1,317.85","1,324.57","1,315.97","202.04M","0.28%"
"08/26/2024","1,318.60","1,323.26","1,326.85","1,316.17","235.66M","-0.19%"
"08/23/2024","1,321.15","1,320.41","1,323.90","1,311.10","182.56M","0.20%"
"08/22/2024","1,318.57","1,320.79","1,322.67","1,315.42","212.88M","0.07%"
"08/21/2024","1,317.69","1,302.26","1,318.19","1,300.28","279.24M","0.95%"
"08/20/2024","1,305.25","1,300.32","1,309.41","1,299.86","221.76M","0.48%"
"08/19/2024","1,299.04","1,296.60","1,301.88","1,294.21","183.43M","0.57%"
"08/16/2024","1,291.68","1,266.95","1,291.89","1,266.95","282.86M","2.08%"
"08/15/2024","1,265.32","1,270.00","1,272.25","1,263.44","145.09M","-0.40%"
"08/14/2024","1,270.38","1,272.86","1,275.26","1,268.69","145.77M","0.13%"
"08/13/2024","1,268.72","1,269.09","1,272.21","1,262.91","165.20M","-0.21%"
"08/12/2024","1,271.44","1,267.05","1,273.16","1,259.60","164.09M","0.52%"
"08/09/2024","1,264.84","1,250.37","1,265.94","1,248.85","178.36M","1.73%"
"08/08/2024","1,243.31","1,247.89","1,256.36","1,238.41","223.19M","-0.82%"
"08/07/2024","1,253.58","1,259.22","1,259.39","1,245.46","220.05M","0.06%"
"08/06/2024","1,252.81","1,243.81","1,256.23","1,232.19","221.66K","1.68%"
"08/05/2024","1,232.11","1,262.68","1,264.87","1,226.37","363.09K","-3.82%"
"08/02/2024","1,281.01","1,269.67","1,281.01","1,253.68","249.74K","0.71%"
"08/01/2024","1,272.00","1,303.05","1,303.86","1,266.73","291.77K","-2.09%"
"07/31/2024","1,299.09","1,289.45","1,300.74","1,288.83","244.19K","0.88%"
"07/30/2024","1,287.82","1,285.65","1,289.78","1,279.24","166.02K","0.16%"
"07/29/2024","1,285.73","1,287.85","1,292.33","1,285.04","135.96K","0.30%"
"07/26/2024","1,281.84","1,273.66","1,281.84","1,272.59","141.73K","0.76%"
"07/25/2024","1,272.18","1,271.75","1,275.49","1,265.88","170.88K","-0.65%"
"07/24/2024","1,280.51","1,274.42","1,284.18","1,262.77","240.00K","0.14%"
"07/23/2024","1,278.67","1,301.57","1,304.81","1,277.39","257.32K","-1.59%"
"07/22/2024","1,299.31","1,299.69","1,305.96","1,288.59","270.89K","-0.23%"
"07/19/2024","1,302.32","1,307.75","1,314.15","1,296.61","302.64K","-0.31%"
"07/18/2024","1,306.38","1,305.25","1,308.67","1,290.05","236.83K","0.08%"
"07/17/2024","1,305.37","1,308.60","1,324.55","1,291.50","462.49K","0.16%"
"07/16/2024","1,303.30","1,298.14","1,309.75","1,298.14","202.88K","0.42%"
"07/15/2024","1,297.82","1,301.83","1,307.30","1,294.03","149.30K","-0.31%"
"07/12/2024","1,301.81","1,304.75","1,312.24","1,298.45","161.59K","-0.34%"
"07/11/2024","1,306.22","1,315.08","1,318.15","1,306.22","197.18K","-0.36%"
"07/10/2024","1,310.91","1,322.24","1,324.91","1,310.91","211.49K","-0.82%"
"07/09/2024","1,321.78","1,315.35","1,322.21","1,309.15","255.98K","0.45%"
"07/08/2024","1,315.83","1,317.01","1,319.27","1,309.55","207.42K","-0.03%"
"07/05/2024","1,316.18","1,310.82","1,316.70","1,307.98","178.74K","0.42%"
"07/04/2024","1,310.63","1,309.16","1,313.01","1,304.31","170.86K","0.39%"
"07/03/2024","1,305.50","1,296.08","1,309.40","1,296.08","200.60K","0.73%"
"07/02/2024","1,296.06","1,288.21","1,300.58","1,286.07","189.92K","0.82%"
"07/01/2024","1,285.48","1,278.22","1,285.48","1,271.20","165.10K","0.56%"
"06/28/2024","1,278.32","1,289.31","1,290.97","1,272.27","234.11K","-0.83%"
"06/27/2024","1,289.03","1,288.88","1,290.80","1,282.24","170.12K","-0.18%"
"06/26/2024","1,291.30","1,291.04","1,294.12","1,276.44","206.66K","0.19%"
"06/25/2024","1,288.80","1,290.12","1,293.28","1,281.89","202.94K","-0.08%"
"06/24/2024","1,289.85","1,317.31","1,319.51","1,287.26","363.84K","-2.28%"
"06/21/2024","1,319.93","1,323.77","1,324.81","1,316.07","227.74K","-0.18%"
"06/20/2024","1,322.36","1,316.78","1,326.88","1,311.43","309.83K","0.62%"
"06/19/2024","1,314.22","1,313.51","1,319.31","1,300.67","265.00K","0.33%"
"06/18/2024","1,309.89","1,314.39","1,320.80","1,309.89","225.99K","0.01%"
"06/17/2024","1,309.70","1,317.64","1,318.16","1,305.50","256.11K","-0.51%"
"06/14/2024","1,316.46","1,336.35","1,338.59","1,316.46","313.17K","-1.30%"
"06/13/2024","1,333.85","1,331.91","1,339.17","1,327.79","356.74K","0.15%"
"06/12/2024","1,331.81","1,308.89","1,331.81","1,305.27","297.02K","1.80%"
"06/11/2024","1,308.30","1,315.48","1,318.09","1,301.43","276.89K","-0.21%"
"06/10/2024","1,311.10","1,314.28","1,319.06","1,306.53","223.71K","0.23%"
"06/07/2024","1,308.03","1,303.32","1,314.56","1,302.53","164.08K","0.44%"
"06/06/2024","1,302.28","1,303.85","1,308.43","1,296.37","270.56K","0.20%"
"06/05/2024","1,299.66","1,302.07","1,313.11","1,299.66","243.46K","-0.10%"
"06/04/2024","1,300.99","1,305.12","1,306.96","1,298.40","233.74K","0.25%"
"06/03/2024","1,297.78","1,285.07","1,301.64","1,284.95","282.23K","1.71%"
"05/31/2024","1,275.97","1,280.08","1,283.30","1,273.85","164.19K","-0.26%"
"05/30/2024","1,279.29","1,279.32","1,280.50","1,263.44","282.95K","-0.37%"
"05/29/2024","1,284.02","1,301.30","1,302.56","1,284.02","247.21K","-1.21%"
"05/28/2024","1,299.75","1,291.18","1,299.75","1,285.83","214.40K","1.16%"
"05/27/2024","1,284.88","1,286.97","1,288.75","1,275.98","194.01K","0.11%"
"05/24/2024","1,283.46","1,304.74","1,309.89","1,272.98","397.14K","-1.63%"
"05/23/2024","1,304.76","1,290.38","1,304.76","1,283.26","229.22K","1.03%"
"05/22/2024","1,291.46","1,307.53","1,311.11","1,288.47","288.98K","-1.31%"
"05/21/2024","1,308.62","1,311.36","1,313.19","1,297.51","232.80K","-0.30%"
"05/20/2024","1,312.55","1,317.61","1,322.13","1,312.55","289.21K","0.18%"
"05/17/2024","1,310.15","1,309.42","1,312.95","1,304.14","269.82K","0.14%"
"05/16/2024","1,308.27","1,300.56","1,311.40","1,296.77","303.27K","1.42%"
"05/15/2024","1,289.97","1,283.65","1,294.71","1,282.61","225.88K","0.99%"
"05/14/2024","1,277.31","1,281.65","1,287.51","1,276.04","179.47K","0.38%"
"05/13/2024","1,272.53","1,280.10","1,281.58","1,266.27","163.92K","-0.39%"
"05/10/2024","1,277.47","1,284.88","1,285.22","1,268.91","165.97K","-0.31%"
"05/09/2024","1,281.47","1,287.23","1,289.92","1,274.57","194.30K","-0.26%"
"05/08/2024","1,284.85","1,279.20","1,285.12","1,269.97","253.69K","0.00%"
"05/07/2024","1,284.85","1,279.29","1,285.43","1,272.63","168.94K","0.80%"
"05/06/2024","1,274.62","1,262.41","1,274.62","1,256.67","205.56K","1.51%"
"05/03/2024","1,255.62","1,248.50","1,259.83","1,248.50","208.85K","0.67%"
"05/02/2024","1,247.21","1,244.15","1,248.41","1,239.02","167.87K","0.54%"
"04/26/2024","1,240.50","1,227.69","1,245.52","1,225.55","188.65K","0.55%"
"04/25/2024","1,233.72","1,235.25","1,236.99","1,226.76","157.69K","0.13%"
"04/24/2024","1,232.17","1,210.05","1,234.87","1,207.92","215.46K","2.65%"
"04/23/2024","1,200.37","1,207.76","1,213.96","1,191.61","252.38K","-0.52%"
"04/22/2024","1,206.64","1,204.41","1,214.24","1,200.15","189.96K","1.06%"
"04/19/2024","1,194.03","1,207.21","1,210.32","1,186.51","299.95K","-1.38%"
"04/17/2024","1,210.74","1,232.89","1,237.08","1,209.42","234.13K","-1.78%"
"04/16/2024","1,232.70","1,228.32","1,234.28","1,209.99","353.36K","0.39%"
"04/15/2024","1,227.90","1,283.98","1,287.46","1,227.90","462.54K","-4.42%"
"04/12/2024","1,284.74","1,263.17","1,285.30","1,262.41","248.40K","1.73%"
"04/11/2024","1,262.86","1,262.96","1,266.71","1,254.64","169.92K","-0.08%"
"04/10/2024","1,263.82","1,271.37","1,276.08","1,263.82","195.64K","-0.24%"
"04/09/2024","1,266.92","1,255.84","1,266.92","1,252.58","173.36K","0.97%"
"04/08/2024","1,254.72","1,257.23","1,260.17","1,248.24","222.16K","-0.24%"
"04/05/2024","1,257.78","1,258.11","1,265.65","1,251.84","258.24K","-0.78%"
"04/04/2024","1,267.65","1,274.22","1,278.67","1,267.47","259.16K","-0.52%"
"04/03/2024","1,274.27","1,287.64","1,290.84","1,273.15","257.48K","-1.40%"
"04/02/2024","1,292.30","1,283.11","1,292.30","1,273.16","365.46K","-0.02%"
"04/01/2024","1,292.62","1,293.36","1,298.59","1,284.20","227.98K","-0.33%"
"03/29/2024","1,296.90","1,305.41","1,306.01","1,294.97","217.26K","-0.48%"
"03/28/2024","1,303.20","1,294.29","1,306.42","1,294.29","274.15K","1.12%"
"03/27/2024","1,288.77","1,288.19","1,290.76","1,279.68","188.46K","0.20%"
"03/26/2024","1,286.23","1,270.84","1,287.89","1,266.79","210.11K","1.28%"
"03/25/2024","1,270.00","1,283.64","1,288.91","1,266.97","269.84K","-1.10%"
"03/22/2024","1,284.14","1,287.63","1,295.79","1,276.81","345.96K","0.20%"
"03/21/2024","1,281.57","1,267.37","1,281.57","1,264.28","273.24K","1.79%"
"03/20/2024","1,259.06","1,236.45","1,262.31","1,228.49","295.41K","1.97%"
"03/19/2024","1,234.74","1,235.48","1,241.23","1,229.02","197.18K","-0.08%"
"03/18/2024","1,235.74","1,256.37","1,258.38","1,215.67","407.03K","-1.65%"
"03/15/2024","1,256.42","1,258.22","1,264.77","1,244.01","260.71K","-0.31%"
"03/14/2024","1,260.32","1,272.36","1,277.29","1,254.72","258.71K","-0.94%"
"03/13/2024","1,272.28","1,242.24","1,272.28","1,242.24","228.30K","2.42%"
"03/12/2024","1,242.23","1,233.81","1,244.95","1,232.40","231.98K","0.58%"
"03/11/2024","1,235.12","1,250.08","1,255.30","1,232.97","284.55K","-1.21%"
"03/08/2024","1,250.20","1,277.31","1,281.52","1,250.20","420.64K","-2.06%"
"03/07/2024","1,276.56","1,271.63","1,279.92","1,266.52","249.31K","0.43%"
"03/06/2024","1,271.07","1,280.38","1,288.06","1,264.44","290.73K","-0.71%"
"03/05/2024","1,280.17","1,269.50","1,280.17","1,264.84","253.29K","0.92%"
"03/04/2024","1,268.53","1,271.05","1,275.36","1,262.90","288.44K","0.12%"
"03/01/2024","1,267.07","1,267.31","1,269.07","1,258.83","256.48K","0.10%"
"02/29/2024","1,265.75","1,268.94","1,276.90","1,258.26","337.86K","0.03%"
"02/28/2024","1,265.35","1,252.14","1,265.35","1,246.63","296.53K","1.40%"
"02/27/2024","1,247.91","1,238.55","1,248.24","1,235.15","336.86K","1.18%"
"02/26/2024","1,233.31","1,223.83","1,234.52","1,220.30","249.87K","0.84%"
"02/23/2024","1,223.09","1,241.28","1,256.11","1,222.94","466.16K","-1.36%"
"02/22/2024","1,239.90","1,242.15","1,243.58","1,236.29","237.78K","-0.18%"
"02/21/2024","1,242.08","1,241.01","1,248.23","1,233.97","305.49K","0.03%"
"02/20/2024","1,241.65","1,241.93","1,243.81","1,235.86","245.24K","0.12%"
"02/19/2024","1,240.20","1,228.71","1,240.20","1,226.97","328.46K","1.28%"
"02/16/2024","1,224.54","1,221.31","1,224.54","1,217.46","209.16K","0.61%"
"02/15/2024","1,217.12","1,213.84","1,226.09","1,213.84","288.08K","0.36%"
"02/07/2024","1,212.70","1,201.39","1,214.54","1,201.04","201.30K","1.13%"
"02/06/2024","1,199.17","1,199.73","1,203.83","1,196.66","157.84K","0.15%"
"02/05/2024","1,197.36","1,176.74","1,201.33","1,176.30","293.64K","1.92%"
"02/02/2024","1,174.76","1,174.02","1,178.85","1,171.62","219.97K","0.12%"
"02/01/2024","1,173.35","1,165.05","1,175.62","1,164.77","158.51K","0.60%"
"01/31/2024","1,166.33","1,183.54","1,185.27","1,163.51","389.45K","-1.30%"
"01/30/2024","1,181.71","1,178.90","1,182.49","1,176.91","153.23K","0.22%"
"01/29/2024","1,179.17","1,184.54","1,185.62","1,178.29","150.51K","-0.31%"
"01/26/2024","1,182.82","1,180.02","1,184.90","1,180.02","141.24K","0.45%"
"01/25/2024","1,177.52","1,180.64","1,180.68","1,174.11","148.29K","-0.16%"
"01/24/2024","1,179.45","1,182.22","1,188.11","1,178.53","216.66K","-0.37%"
"01/23/2024","1,183.85","1,191.54","1,193.19","1,180.91","199.94K","-0.48%"
"01/22/2024","1,189.56","1,189.98","1,192.57","1,183.04","257.23K","0.37%"
"01/19/2024","1,185.23","1,176.62","1,185.23","1,176.54","220.57K","0.96%"
"01/18/2024","1,173.91","1,168.44","1,175.60","1,166.29","179.92K","0.63%"
"01/17/2024","1,166.61","1,169.52","1,177.01","1,165.32","220.04K","-0.31%"
"01/16/2024","1,170.19","1,157.85","1,170.19","1,155.25","198.44K","0.77%"
"01/15/2024","1,161.30","1,168.07","1,172.16","1,161.30","197.84K","-0.20%"
"01/12/2024","1,163.66","1,161.72","1,167.94","1,149.61","372.89K","0.01%"
"01/11/2024","1,163.56","1,164.80","1,172.49","1,159.52","258.08K","0.08%"
"01/10/2024","1,162.68","1,160.50","1,168.93","1,158.53","349.79K","0.21%"
"01/09/2024","1,160.21","1,163.61","1,164.86","1,156.01","220.97K","-0.28%"
"01/08/2024","1,163.52","1,164.43","1,169.95","1,159.73","234.16K","0.20%"
"01/05/2024","1,161.14","1,156.71","1,161.53","1,152.79","229.36K","0.41%"
"01/04/2024","1,156.37","1,145.72","1,167.27","1,144.57","422.18K","1.01%"
"01/03/2024","1,144.85","1,131.57","1,144.85","1,126.57","179.48K","1.17%"
"01/02/2024","1,131.64","1,137.11","1,140.11","1,129.78","184.12K","0.02%"
"12/29/2023","1,131.46","1,130.89","1,136.02","1,130.09","179.28K","0.26%"
"12/28/2023","1,128.51","1,116.66","1,129.33","1,115.17","167.22K","1.13%"
"12/27/2023","1,115.94","1,116.48","1,120.56","1,115.78","128.69K","0.04%"
"12/26/2023","1,115.52","1,112.40","1,117.33","1,111.11","151.80K","0.33%"
"12/25/2023","1,111.86","1,099.72","1,113.73","1,099.44","136.59K","1.31%"
"12/22/2023","1,097.45","1,097.23","1,099.53","1,093.19","138.26K","0.00%"
"12/21/2023","1,097.43","1,092.75","1,097.82","1,089.59","107.76K","0.04%"
"12/20/2023","1,097.01","1,092.29","1,097.49","1,088.63","117.06K","0.47%"
"12/19/2023","1,091.87","1,083.60","1,091.87","1,076.36","147.45K","0.66%"
"12/18/2023","1,084.67","1,098.77","1,099.41","1,082.80","150.82K","-1.16%"
"12/15/2023","1,097.40","1,104.94","1,107.15","1,097.40","180.85K","-0.64%"
"12/14/2023","1,104.49","1,111.12","1,113.01","1,102.67","155.39K","-0.21%"
"12/13/2023","1,106.83","1,123.34","1,124.71","1,105.71","190.65K","-1.28%"
"12/12/2023","1,121.21","1,119.26","1,121.21","1,114.98","141.87K","0.35%"
"12/11/2023","1,117.34","1,118.79","1,120.07","1,111.73","149.51K","0.22%"
"12/08/2023","1,114.89","1,111.28","1,118.81","1,109.67","209.97K","0.32%"
"12/07/2023","1,111.35","1,109.67","1,115.24","1,096.22","299.70K","0.19%"
"12/06/2023","1,109.27","1,101.65","1,109.27","1,100.14","157.26K","0.80%"
"12/05/2023","1,100.42","1,108.02","1,109.48","1,097.05","155.06K","-0.61%"
"12/04/2023","1,107.16","1,094.42","1,111.90","1,093.85","261.89K","1.54%"
"12/01/2023","1,090.39","1,088.07","1,091.17","1,077.33","123.45K","0.80%"
"11/30/2023","1,081.70","1,091.44","1,097.22","1,081.70","141.11K","-1.05%"
"11/29/2023","1,093.16","1,090.14","1,097.42","1,087.95","122.22K","0.43%"
"11/28/2023","1,088.51","1,078.86","1,089.40","1,068.24","132.91K","0.94%"
"11/27/2023","1,078.42","1,086.89","1,088.03","1,076.62","127.26K","-0.82%"
"11/24/2023","1,087.34","1,085.26","1,087.34","1,068.59","188.23K","0.43%"
"11/23/2023","1,082.68","1,111.93","1,114.87","1,082.68","170.08K","-2.44%"
"11/22/2023","1,109.80","1,109.31","1,112.98","1,098.21","152.39K","0.11%"
"11/21/2023","1,108.60","1,103.60","1,113.69","1,102.33","128.42K","0.52%"
"11/20/2023","1,102.85","1,091.66","1,114.63","1,085.74","172.46K","-0.06%"
"11/17/2023","1,103.53","1,135.52","1,137.73","1,096.44","260.94K","-2.57%"
"11/16/2023","1,132.60","1,128.57","1,132.60","1,123.29","140.29K","0.06%"
"11/15/2023","1,131.90","1,130.53","1,144.88","1,128.64","271.85K","1.13%"
"11/14/2023","1,119.28","1,112.37","1,124.76","1,109.79","222.67K","1.13%"
"11/13/2023","1,106.72","1,109.14","1,114.41","1,099.18","185.21K","-0.21%"
"11/10/2023","1,109.05","1,113.38","1,123.66","1,107.51","205.94K","-1.24%"
"11/09/2023","1,122.95","1,130.64","1,137.05","1,122.72","231.99K","-0.62%"
"11/08/2023","1,129.95","1,092.51","1,129.95","1,086.85","233.46K","3.41%"
"11/07/2023","1,092.71","1,100.40","1,101.70","1,091.38","133.87K","-0.98%"
"11/06/2023","1,103.52","1,094.14","1,104.04","1,093.62","169.81K","1.60%"
"11/03/2023","1,086.19","1,088.31","1,095.71","1,082.83","203.95K","-0.12%"
"11/02/2023","1,087.50","1,052.14","1,087.50","1,052.14","195.22K","3.41%"
"11/01/2023","1,051.65","1,038.90","1,051.65","1,034.04","166.56K","1.18%"
"10/31/2023","1,039.38","1,049.56","1,053.05","1,034.12","192.35K","-0.79%"
"10/30/2023","1,047.63","1,063.14","1,066.38","1,047.63","130.43K","-1.87%"
"10/27/2023","1,067.57","1,070.98","1,074.01","1,050.32","169.71K","0.25%"
"10/26/2023","1,064.95","1,092.56","1,094.96","1,056.32","311.84K","-4.34%"
"10/25/2023","1,113.32","1,117.92","1,124.85","1,113.28","105.62K","-0.34%"
"10/24/2023","1,117.12","1,109.18","1,121.39","1,102.05","111.13K","0.93%"
"10/23/2023","1,106.85","1,122.73","1,123.28","1,099.34","131.29K","-1.50%"
"10/20/2023","1,123.69","1,104.83","1,125.63","1,094.78","154.96K","1.70%"
"10/19/2023","1,104.89","1,126.67","1,126.86","1,104.89","166.99K","-1.84%"
"10/18/2023","1,125.56","1,143.95","1,144.89","1,108.68","233.69K","-1.36%"
"10/17/2023","1,141.03","1,157.63","1,160.30","1,141.03","141.76K","-1.06%"
"10/16/2023","1,153.21","1,165.75","1,168.02","1,151.13","173.24K","-1.15%"
"10/13/2023","1,166.66","1,158.34","1,167.61","1,152.58","149.21K","0.10%"
"10/12/2023","1,165.49","1,167.62","1,172.14","1,162.00","142.88K","-0.15%"
"10/11/2023","1,167.29","1,161.87","1,167.29","1,154.45","113.75K","0.60%"
"10/10/2023","1,160.28","1,153.05","1,163.47","1,153.05","155.50K","0.86%"
"10/09/2023","1,150.37","1,139.07","1,150.37","1,135.67","146.63K","0.93%"
"10/06/2023","1,139.78","1,125.62","1,141.93","1,120.28","137.58K","1.36%"
"10/05/2023","1,124.48","1,141.22","1,143.34","1,124.48","131.35K","-1.23%"
"10/04/2023","1,138.54","1,129.15","1,146.21","1,118.74","159.11K","0.68%"
"10/03/2023","1,130.89","1,156.86","1,158.38","1,128.54","260.26K","-3.11%"
"10/02/2023","1,167.13","1,166.64","1,173.06","1,159.16","119.87K","0.07%"
"09/29/2023","1,166.26","1,169.26","1,176.77","1,165.15","144.90K","0.16%"
"09/28/2023","1,164.45","1,167.96","1,168.09","1,144.47","193.65K","-0.36%"
"09/27/2023","1,168.60","1,154.54","1,168.60","1,141.09","190.47K","1.32%"
"09/26/2023","1,153.37","1,161.62","1,174.24","1,152.44","242.76K","-0.57%"
"09/25/2023","1,159.94","1,195.36","1,199.65","1,159.94","263.86K","-3.15%"
"09/22/2023","1,197.69","1,210.14","1,210.14","1,180.11","362.18K","-1.76%"
"09/21/2023","1,219.19","1,234.14","1,235.30","1,217.78","254.10K","-1.25%"
"09/20/2023","1,234.57","1,224.64","1,237.21","1,221.64","192.77K","0.74%"
"09/19/2023","1,225.50","1,224.26","1,229.61","1,212.51","226.80K","0.15%"
"09/18/2023","1,223.70","1,235.20","1,236.53","1,214.74","210.41K","-1.22%"
"09/15/2023","1,238.81","1,235.25","1,244.82","1,231.77","273.16K","0.38%"
"09/14/2023","1,234.06","1,247.87","1,255.75","1,231.53","287.97K","-1.11%"
"09/13/2023","1,247.95","1,258.04","1,260.37","1,241.95","296.26K","-0.63%"
"09/12/2023","1,255.83","1,230.70","1,255.83","1,227.32","213.41K","2.04%"
"09/11/2023","1,230.71","1,251.38","1,259.48","1,227.40","328.07K","-1.48%"
"09/08/2023","1,249.14","1,252.10","1,258.33","1,247.95","228.78K","-0.48%"
"09/07/2023","1,255.22","1,261.35","1,268.05","1,251.89","274.25K","-0.38%"
"09/06/2023","1,260.03","1,246.83","1,260.03","1,238.44","250.66K","1.24%"
"09/05/2023","1,244.64","1,241.49","1,248.97","1,238.60","252.63K","0.82%"
"08/31/2023","1,234.53","1,225.93","1,235.71","1,225.93","195.05K","0.73%"
"08/30/2023","1,225.56","1,215.62","1,227.68","1,214.77","214.23K","0.83%"
"08/29/2023","1,215.47","1,215.97","1,217.89","1,207.72","206.96K","0.17%"
"08/28/2023","1,213.40","1,200.26","1,213.61","1,199.02","187.94K","1.63%"
"08/25/2023","1,193.93","1,201.73","1,203.52","1,190.54","186.68K","-0.66%"
"08/24/2023","1,201.88","1,184.28","1,201.95","1,180.46","189.18K","1.60%"
"08/23/2023","1,182.97","1,206.61","1,207.84","1,177.50","225.11K","-0.88%"
"08/22/2023","1,193.51","1,192.11","1,195.97","1,158.60","266.99K","0.27%"
"08/21/2023","1,190.32","1,190.69","1,199.60","1,178.54","259.17K","0.02%"
"08/18/2023","1,190.10","1,240.54","1,243.69","1,187.03","424.01K","-4.63%"
"08/17/2023","1,247.82","1,257.81","1,259.50","1,247.82","281.53K","-0.73%"
"08/16/2023","1,256.95","1,240.88","1,257.57","1,240.88","248.29K","1.27%"
"08/15/2023","1,241.24","1,244.31","1,244.62","1,236.55","185.98K","-0.18%"
"08/14/2023","1,243.43","1,245.06","1,245.96","1,234.12","228.14K","0.21%"
"08/11/2023","1,240.77","1,235.59","1,240.77","1,221.03","234.81K","1.19%"
"08/10/2023","1,226.20","1,241.59","1,243.16","1,225.00","204.53K","-1.10%"
"08/09/2023","1,239.84","1,246.12","1,248.52","1,235.87","249.11K","-0.64%"
"08/08/2023","1,247.81","1,252.05","1,254.21","1,243.84","232.46K","-0.23%"
"08/07/2023","1,250.68","1,230.38","1,250.68","1,230.38","284.03K","1.56%"
"08/04/2023","1,231.42","1,211.77","1,231.42","1,211.77","321.01K","1.70%"
"08/03/2023","1,210.80","1,219.88","1,223.94","1,207.43","264.56K","-0.86%"
"08/02/2023","1,221.32","1,220.70","1,226.12","1,216.67","218.57K","-0.07%"
"08/01/2023","1,222.18","1,239.52","1,240.99","1,222.18","328.43K","-0.70%"
"07/31/2023","1,230.81","1,224.47","1,230.81","1,217.02","294.90K","1.51%"
"07/28/2023","1,212.45","1,199.90","1,212.45","1,197.53","251.64K","1.06%"
"07/27/2023","1,199.68","1,201.11","1,205.35","1,192.35","263.45K","-0.15%"
"07/26/2023","1,201.43","1,198.04","1,201.43","1,195.31","247.53K","0.29%"
"07/25/2023","1,198.01","1,195.13","1,202.39","1,194.89","253.34K","0.41%"
"07/24/2023","1,193.14","1,191.30","1,194.04","1,182.45","265.15K","0.55%"
"07/21/2023","1,186.60","1,167.74","1,186.60","1,166.55","243.82K","1.57%"
"07/20/2023","1,168.26","1,164.69","1,168.26","1,159.64","218.94K","0.26%"
"07/19/2023","1,165.19","1,169.64","1,171.07","1,165.19","198.67K","-0.14%"
"07/18/2023","1,166.82","1,163.70","1,167.81","1,159.05","221.18K","0.19%"
"07/17/2023","1,164.58","1,164.52","1,166.76","1,160.47","238.54K","0.34%"
"07/14/2023","1,160.59","1,160.50","1,162.16","1,146.26","287.04K","0.39%"
"07/13/2023","1,156.11","1,152.58","1,156.11","1,148.71","187.66K","0.83%"
"07/12/2023","1,146.54","1,147.63","1,150.88","1,141.81","223.01K","-0.01%"
"07/11/2023","1,146.67","1,144.35","1,152.16","1,143.60","233.52K","0.31%"
"07/10/2023","1,143.16","1,134.97","1,143.16","1,132.73","247.57K","1.22%"
"07/07/2023","1,129.43","1,118.20","1,129.43","1,116.02","163.61K","0.89%"
"07/06/2023","1,119.44","1,129.74","1,131.54","1,115.91","224.55K","-0.91%"
"07/05/2023","1,129.76","1,131.15","1,134.68","1,128.19","212.15K","0.16%"
"07/04/2023","1,128.00","1,123.54","1,128.35","1,119.29","163.47K","0.41%"
"07/03/2023","1,123.37","1,127.12","1,130.09","1,120.63","140.25K","0.02%"
"06/30/2023","1,123.13","1,125.21","1,127.28","1,121.21","158.13K","-0.19%"
"06/29/2023","1,125.29","1,141.81","1,142.72","1,125.29","218.03K","-1.39%"
"06/28/2023","1,141.12","1,135.89","1,143.53","1,131.92","254.96K","0.59%"
"06/27/2023","1,134.41","1,134.28","1,135.65","1,128.20","174.32K","0.28%"
"06/26/2023","1,131.23","1,130.04","1,134.11","1,118.53","238.65K","0.40%"
"06/23/2023","1,126.76","1,119.02","1,127.29","1,117.41","231.87K","0.82%"
"06/22/2023","1,117.60","1,119.25","1,122.60","1,115.57","199.39K","0.50%"
"06/21/2023","1,112.07","1,104.24","1,112.07","1,101.27","185.86K","0.71%"
"06/20/2023","1,104.27","1,098.92","1,104.27","1,095.38","145.93K","0.49%"
"06/19/2023","1,098.94","1,110.01","1,111.21","1,098.31","193.10K","-0.91%"
"06/16/2023","1,109.06","1,108.59","1,125.62","1,105.74","320.74K","0.04%"
"06/15/2023","1,108.57","1,110.52","1,113.23","1,104.60","171.34K","-0.18%"
"06/14/2023","1,110.60","1,116.53","1,123.86","1,110.60","230.82K","-0.43%"
"06/13/2023","1,115.39","1,110.95","1,115.39","1,108.50","237.70K","0.52%"
"06/12/2023","1,109.63","1,104.08","1,109.63","1,092.30","180.99K","0.80%"
"06/09/2023","1,100.85","1,095.41","1,100.85","1,089.37","198.75K","0.77%"
"06/08/2023","1,092.46","1,107.86","1,110.87","1,092.46","279.41K","-1.20%"
"06/07/2023","1,105.68","1,104.30","1,107.09","1,100.11","266.66K","0.30%"
"06/06/2023","1,102.32","1,091.71","1,102.32","1,090.95","198.43K","1.03%"
"06/05/2023","1,091.08","1,097.53","1,100.37","1,090.52","215.25K","0.38%"
"06/02/2023","1,086.96","1,074.51","1,089.22","1,073.95","263.65K","1.77%"
"06/01/2023","1,068.09","1,065.27","1,068.09","1,060.29","162.84K","0.17%"
"05/31/2023","1,066.33","1,072.72","1,074.30","1,063.44","193.47K","-0.51%"
"05/30/2023","1,071.82","1,073.99","1,074.46","1,066.98","169.59K","0.19%"
"05/29/2023","1,069.77","1,063.62","1,070.97","1,062.79","133.47K","0.84%"
"05/26/2023","1,060.81","1,064.26","1,064.95","1,060.14","110.97K","-0.13%"
"05/25/2023","1,062.15","1,061.16","1,064.24","1,057.35","137.27K","0.06%"
"05/24/2023","1,061.55","1,072.23","1,072.52","1,060.83","155.56K","-0.61%"
"05/23/2023","1,068.05","1,074.26","1,076.89","1,063.85","171.21K","-0.53%"
"05/22/2023","1,073.74","1,070.37","1,073.89","1,068.55","141.53K","0.46%"
"05/19/2023","1,068.84","1,072.77","1,072.77","1,060.72","122.55K","-0.18%"
"05/18/2023","1,070.76","1,065.39","1,076.86","1,063.08","146.69K","0.82%"
"05/17/2023","1,062.10","1,069.54","1,073.87","1,062.10","153.74K","-0.70%"
"05/16/2023","1,069.64","1,072.98","1,073.66","1,066.92","126.57K","-0.12%"
"05/15/2023","1,070.90","1,067.26","1,080.72","1,067.26","195.78K","0.42%"
"05/12/2023","1,066.44","1,056.09","1,066.44","1,051.75","168.09K","1.09%"
"05/11/2023","1,054.93","1,058.02","1,061.48","1,053.62","129.13K","-0.01%"
"05/10/2023","1,054.99","1,051.62","1,055.36","1,048.60","124.30K","0.51%"
"05/09/2023","1,049.67","1,049.86","1,054.49","1,049.23","104.91K","0.00%"
"05/08/2023","1,049.72","1,041.07","1,050.56","1,041.04","147.57K","1.08%"
"05/05/2023","1,038.46","1,038.51","1,042.11","1,035.07","91.88K","-0.11%"
"05/04/2023","1,039.64","1,046.32","1,047.93","1,038.23","126.65K","-1.12%"
"04/28/2023","1,051.43","1,045.38","1,051.43","1,044.56","140.09K","0.95%"
"04/27/2023","1,041.54","1,045.78","1,048.26","1,040.32","105.51K","-0.35%"
"04/26/2023","1,045.24","1,036.30","1,045.24","1,029.94","125.18K","0.79%"
"04/25/2023","1,037.04","1,046.60","1,051.54","1,036.93","121.26K","-0.87%"
"04/24/2023","1,046.17","1,049.24","1,054.00","1,041.46","104.50K","0.00%"
"04/21/2023","1,046.18","1,054.75","1,055.48","1,045.78","147.51K","-0.71%"
"04/20/2023","1,053.61","1,056.74","1,057.82","1,050.35","83.44K","-0.24%"
"04/19/2023","1,056.14","1,067.67","1,067.74","1,055.77","140.53K","-0.79%"
"04/18/2023","1,064.55","1,067.02","1,068.54","1,060.75","122.13K","-0.04%"
"04/17/2023","1,065.02","1,063.18","1,065.40","1,058.55","96.96K","0.15%"
"04/14/2023","1,063.43","1,078.36","1,079.87","1,063.43","173.43K","-1.05%"
"04/13/2023","1,074.67","1,081.78","1,082.21","1,072.11","156.89K","-0.56%"
"04/12/2023","1,080.69","1,083.06","1,084.26","1,077.86","196.54K","-0.09%"
"04/11/2023","1,081.71","1,075.76","1,082.89","1,067.28","179.52K","0.40%"
"04/10/2023","1,077.41","1,082.62","1,087.60","1,074.59","192.68K","-0.14%"
"04/07/2023","1,078.88","1,079.00","1,080.90","1,071.60","139.16K","0.00%"
"04/06/2023","1,078.86","1,091.15","1,093.99","1,078.86","233.21K","-1.01%"
"04/05/2023","1,089.83","1,088.33","1,089.83","1,082.73","193.49K","0.14%"
"04/04/2023","1,088.34","1,090.07","1,091.13","1,084.04","181.86K","-0.03%"
"04/03/2023","1,088.72","1,080.90","1,088.83","1,080.90","231.13K","1.40%"
"03/31/2023","1,073.68","1,067.72","1,078.15","1,067.72","187.27K","0.60%"
"03/30/2023","1,067.24","1,067.25","1,073.93","1,065.52","182.23K","0.55%"
"03/29/2023","1,061.45","1,059.87","1,061.45","1,053.12","136.52K","0.25%"
"03/28/2023","1,058.82","1,060.85","1,064.68","1,055.81","188.77K","0.22%"
"03/27/2023","1,056.45","1,052.68","1,059.65","1,046.80","163.10K","0.48%"
"03/24/2023","1,051.42","1,049.05","1,056.67","1,047.46","157.94K","0.46%"
"03/23/2023","1,046.60","1,038.93","1,046.60","1,033.23","112.09K","0.33%"
"03/22/2023","1,043.14","1,035.49","1,046.48","1,035.04","138.72K","0.78%"
"03/21/2023","1,035.04","1,031.34","1,036.18","1,016.77","138.38K","1.03%"
"03/20/2023","1,024.50","1,041.86","1,042.07","1,021.67","145.47K","-2.22%"
"03/17/2023","1,047.71","1,053.48","1,055.20","1,043.28","181.68K","0.07%"
"03/16/2023","1,046.99","1,056.81","1,059.61","1,039.89","149.06K","-1.63%"
"03/15/2023","1,064.38","1,040.63","1,064.65","1,040.63","188.59K","2.61%"
"03/14/2023","1,037.35","1,047.47","1,049.35","1,032.51","168.37K","-1.21%"
"03/13/2023","1,050.07","1,042.60","1,053.64","1,041.25","194.88K","0.27%"
"03/10/2023","1,047.20","1,044.51","1,049.45","1,039.59","128.92K","-0.29%"
"03/09/2023","1,050.28","1,042.11","1,056.56","1,041.49","184.27K","0.93%"
"03/08/2023","1,040.59","1,017.35","1,040.59","1,017.35","141.32K","1.31%"
"03/07/2023","1,027.16","1,025.78","1,037.97","1,024.02","144.46K","1.27%"
"03/06/2023","1,014.26","1,022.57","1,034.56","1,014.26","116.86K","0.09%"
"03/03/2023","1,013.35","1,029.59","1,033.71","1,011.61","87.58K","-1.50%"
"03/02/2023","1,028.73","1,032.84","1,037.73","1,025.13","89.26K","-0.55%"
"03/01/2023","1,034.43","1,013.83","1,034.43","1,001.05","116.92K","1.92%"
"02/28/2023","1,014.96","1,018.66","1,026.65","1,009.18","89.49K","0.35%"
"02/27/2023","1,011.46","1,028.67","1,028.67","1,006.32","135.20K","-1.84%"
"02/24/2023","1,030.42","1,048.22","1,048.27","1,027.16","95.83K","-1.95%"
"02/23/2023","1,050.95","1,050.07","1,050.95","1,026.92","171.91K","-0.01%"
"02/22/2023","1,051.08","1,078.98","1,078.98","1,051.08","185.39K","-2.76%"
"02/21/2023","1,080.90","1,089.77","1,096.35","1,080.12","162.73K","-0.59%"
"02/20/2023","1,087.36","1,052.38","1,087.36","1,052.36","190.18K","3.19%"
"02/17/2023","1,053.72","1,055.29","1,057.59","1,047.13","121.13K","-0.15%"
"02/16/2023","1,055.26","1,047.66","1,055.26","1,040.01","122.23K","1.14%"
"02/15/2023","1,043.34","1,032.58","1,048.85","1,028.11","180.54K","0.81%"
"02/14/2023","1,034.93","1,040.85","1,042.96","1,030.51","110.77K","-0.53%"
"02/13/2023","1,040.40","1,044.49","1,045.60","1,024.98","156.78K","-0.80%"
"02/10/2023","1,048.74","1,060.91","1,064.53","1,048.13","112.86K","-1.05%"
"02/09/2023","1,059.91","1,070.32","1,076.48","1,059.91","137.75K","-1.25%"
"02/08/2023","1,073.38","1,072.08","1,082.89","1,064.93","154.79K","0.36%"
"02/07/2023","1,069.50","1,094.51","1,096.93","1,068.71","192.82K","-2.27%"
"02/06/2023","1,094.37","1,078.72","1,094.45","1,073.44","144.68K","0.80%"
"02/03/2023","1,085.70","1,094.14","1,095.87","1,081.05","184.37K","-0.71%"
"02/02/2023","1,093.48","1,093.55","1,099.39","1,082.97","164.04K","0.50%"
"02/01/2023","1,088.09","1,128.13","1,130.20","1,088.09","285.54K","-3.29%"
"01/31/2023","1,125.07","1,112.60","1,125.07","1,098.65","197.90K","1.00%"
"01/30/2023","1,113.95","1,132.45","1,132.97","1,113.95","199.04K","-1.48%"
"01/27/2023","1,130.65","1,128.45","1,142.08","1,125.12","166.00K","0.78%"
"01/19/2023","1,121.92","1,110.50","1,126.12","1,108.96","198.68K","0.56%"
"01/18/2023","1,115.72","1,106.89","1,117.23","1,104.98","152.88K","1.09%"
"01/17/2023","1,103.73","1,077.48","1,103.73","1,077.48","207.94K","2.60%"
"01/16/2023","1,075.71","1,072.44","1,076.97","1,066.78","126.80K","0.55%"
"01/13/2023","1,069.86","1,071.91","1,077.45","1,063.68","149.05K","0.34%"
"01/12/2023","1,066.24","1,068.47","1,072.81","1,059.52","113.84K","0.10%"
"01/11/2023","1,065.22","1,065.69","1,076.22","1,063.96","161.51K","0.44%"
"01/10/2023","1,060.53","1,062.22","1,066.08","1,052.09","126.76K","-0.06%"
"01/09/2023","1,061.14","1,065.24","1,068.77","1,056.64","126.31K","0.35%"
"01/06/2023","1,057.40","1,060.14","1,075.33","1,053.29","192.69K","-0.42%"
"01/05/2023","1,061.90","1,052.32","1,065.99","1,051.60","164.27K","1.12%"
"01/04/2023","1,050.15","1,051.66","1,059.01","1,046.61","172.22K","0.28%"
"01/03/2023","1,047.25","1,010.52","1,047.25","1,010.03","159.60K","4.18%"
"12/30/2022","1,005.19","1,016.71","1,017.45","1,005.19","95.62K","-0.31%"
"12/29/2022","1,008.30","1,013.95","1,022.15","1,008.30","121.03K","-0.56%"
"12/28/2022","1,013.95","1,009.19","1,023.24","997.12","123.26K","0.65%"
"12/27/2022","1,007.36","988.87","1,015.01","985.67","153.66K","1.98%"
"12/26/2022","987.77","1,032.42","1,033.17","987.77","175.23K","-4.48%"
"12/23/2022","1,034.13","1,037.91","1,041.37","1,022.51","129.85K","-0.41%"
"12/22/2022","1,038.34","1,033.72","1,048.84","1,031.29","188.50K","0.51%"
"12/21/2022","1,033.10","1,041.05","1,041.65","1,011.90","212.81K","0.32%"
"12/20/2022","1,029.79","1,048.17","1,049.39","1,015.66","283.48K","-1.95%"
"12/19/2022","1,050.22","1,063.72","1,081.55","1,050.22","258.39K","-1.30%"
"12/16/2022","1,064.07","1,061.58","1,077.27","1,058.88","249.61K","-0.38%"
"12/15/2022","1,068.08","1,055.80","1,076.03","1,055.49","248.62K","1.13%"
"12/14/2022","1,056.17","1,056.76","1,071.02","1,052.25","192.53K","-0.02%"
"12/13/2022","1,056.43","1,038.63","1,056.43","1,028.37","241.92K","1.83%"
"12/12/2022","1,037.42","1,071.27","1,073.44","1,037.42","219.92K","-2.60%"
"12/09/2022","1,065.08","1,069.38","1,076.67","1,051.62","236.86K","0.22%"
"12/08/2022","1,062.73","1,061.99","1,093.64","1,055.63","304.56K","1.45%"
"12/07/2022","1,047.58","1,051.55","1,064.73","1,037.15","242.09K","-0.61%"
"12/06/2022","1,054.06","1,109.50","1,109.50","1,054.06","405.65K","-5.12%"
"12/05/2022","1,110.94","1,094.39","1,120.56","1,094.39","375.07K","1.64%"
"12/02/2022","1,092.99","1,038.11","1,092.99","1,037.08","331.17K","4.83%"
"12/01/2022","1,042.64","1,059.80","1,073.32","1,040.95","434.44K","-0.63%"
"11/30/2022","1,049.21","1,034.78","1,049.21","1,018.59","264.70K","1.96%"
"11/29/2022","1,029.04","1,007.58","1,029.04","995.12","366.39K","2.46%"
"11/28/2022","1,004.34","974.42","1,006.06","974.23","398.08K","3.81%"
"11/25/2022","967.49","948.66","967.49","947.56","170.89K","2.84%"
"11/24/2022","940.76","932.69","941.69","925.55","136.32K","0.22%"
"11/23/2022","938.73","939.08","951.86","933.26","154.60K","-0.72%"
"11/22/2022","945.54","956.31","985.18","941.85","368.68K","-1.19%"
"11/21/2022","956.89","970.64","972.15","951.62","132.09K","-1.47%"
"11/18/2022","971.20","967.82","977.19","941.18","264.09K","0.02%"
"11/17/2022","971.04","941.77","975.42","941.77","184.69K","3.27%"
"11/16/2022","940.29","878.24","942.56","863.31","249.95K","3.93%"
"11/15/2022","904.77","923.20","927.37","893.49","218.10K","-3.37%"
"11/14/2022","936.31","945.97","945.97","913.50","211.97K","-1.32%"
"11/11/2022","948.86","946.68","963.55","941.84","213.49K","1.29%"
"11/10/2022","936.80","969.79","969.79","925.02","252.59K","-4.38%"
"11/09/2022","979.68","980.92","993.28","969.19","166.48K","-0.04%"
"11/08/2022","980.09","957.88","981.51","950.81","185.77K","0.74%"
"11/07/2022","972.85","992.40","999.43","968.84","179.10K","-2.51%"
"11/04/2022","997.92","1,006.52","1,009.00","971.72","256.47K","-2.53%"
"11/03/2022","1,023.80","1,012.90","1,029.53","1,010.57","120.45K","-0.13%"
"11/02/2022","1,025.18","1,037.47","1,039.42","1,020.48","167.91K","-1.24%"
"11/01/2022","1,038.09","1,028.23","1,049.77","1,028.23","243.89K","1.10%"
"10/31/2022","1,026.84","1,027.57","1,031.66","999.47","188.84K","-0.26%"
"10/28/2022","1,029.49","1,036.94","1,046.04","1,024.74","147.69K","0.10%"
"10/27/2022","1,028.50","992.95","1,028.50","986.54","159.81K","3.85%"
"10/26/2022","990.41","995.73","999.59","979.40","77.22K","-0.11%"
"10/25/2022","991.52","971.29","1,006.69","950.19","183.29K","1.81%"
"10/24/2022","973.88","1,011.54","1,013.24","961.79","170.99K","-3.63%"
"10/21/2022","1,010.57","1,055.34","1,055.34","1,002.09","193.76K","-4.05%"
"10/20/2022","1,053.26","1,049.96","1,060.79","1,041.08","113.71K","-0.04%"
"10/19/2022","1,053.65","1,061.12","1,062.27","1,044.69","102.62K","-0.51%"
"10/18/2022","1,059.06","1,061.06","1,068.90","1,051.85","120.84K","1.13%"
"10/17/2022","1,047.20","1,051.23","1,051.42","1,028.34","117.60K","-1.34%"
"10/14/2022","1,061.39","1,068.63","1,070.30","1,054.82","148.45K","0.97%"
"10/13/2022","1,051.24","1,034.20","1,051.24","1,020.97","127.13K","1.58%"
"10/12/2022","1,034.93","1,004.53","1,039.33","999.00","150.97K","3.32%"
"10/11/2022","1,001.68","1,031.12","1,031.12","987.27","200.93K","-3.59%"
"10/10/2022","1,038.93","1,025.48","1,052.24","1,011.44","178.31K","-0.06%"
"10/07/2022","1,039.54","1,064.72","1,067.03","1,027.64","261.71K","-3.87%"
"10/06/2022","1,081.36","1,117.70","1,119.76","1,079.75","141.26K","-3.22%"
"10/05/2022","1,117.38","1,114.60","1,128.94","1,112.26","114.40K","1.79%"
"10/04/2022","1,097.72","1,113.80","1,117.87","1,088.41","147.87K","-0.39%"
"10/03/2022","1,102.00","1,141.87","1,144.95","1,094.49","159.89K","-4.34%"
"09/30/2022","1,152.01","1,140.18","1,158.20","1,128.57","154.78K","0.40%"
"09/29/2022","1,147.44","1,166.59","1,177.21","1,147.44","88.05K","-1.14%"
"09/28/2022","1,160.66","1,173.82","1,177.58","1,160.66","92.27K","-1.84%"
"09/27/2022","1,182.46","1,190.46","1,193.79","1,181.43","85.34K","-0.40%"
"09/26/2022","1,187.22","1,199.39","1,201.89","1,172.37","175.24K","-2.32%"
"09/23/2022","1,215.41","1,227.34","1,230.72","1,213.74","88.49K","-1.10%"
"09/22/2022","1,228.94","1,217.63","1,229.26","1,210.65","98.66K","0.06%"
"09/21/2022","1,228.20","1,235.84","1,236.05","1,223.02","76.49K","-1.04%"
"09/20/2022","1,241.07","1,235.93","1,241.07","1,224.96","94.43K","0.91%"
"09/19/2022","1,229.88","1,251.43","1,253.45","1,225.18","152.50K","-1.83%"
"09/16/2022","1,252.78","1,259.90","1,263.97","1,248.13","155.33K","-0.80%"
"09/15/2022","1,262.82","1,267.24","1,269.54","1,260.51","101.06K","0.15%"
"09/14/2022","1,260.88","1,254.44","1,262.80","1,250.98","142.29K","-0.91%"
"09/13/2022","1,272.48","1,277.48","1,279.55","1,271.22","94.07K","-0.24%"
"09/12/2022","1,275.60","1,281.62","1,285.17","1,275.45","100.04K","0.00%"
"09/09/2022","1,275.64","1,273.37","1,275.64","1,259.35","161.75K","0.80%"
"09/08/2022","1,265.57","1,277.63","1,279.34","1,265.57","124.24K","-0.27%"
"09/07/2022","1,268.95","1,297.31","1,298.17","1,268.95","187.24K","-2.32%"
"09/06/2022","1,299.06","1,298.74","1,305.90","1,296.58","121.91K","0.07%"
"09/05/2022","1,298.15","1,300.50","1,305.62","1,294.44","110.01K","-0.25%"
"08/31/2022","1,301.44","1,295.71","1,306.45","1,294.34","103.56K","0.25%"
"08/30/2022","1,298.14","1,293.41","1,307.12","1,293.41","112.86K","0.38%"
"08/29/2022","1,293.25","1,296.03","1,296.03","1,275.40","174.33K","-1.04%"
"08/26/2022","1,306.81","1,314.73","1,320.16","1,304.68","152.92K","-0.36%"
"08/25/2022","1,311.55","1,299.26","1,311.55","1,299.26","127.47K","1.17%"
"08/24/2022","1,296.41","1,295.07","1,300.40","1,291.96","113.65K","0.34%"
"08/23/2022","1,292.00","1,276.09","1,292.00","1,275.57","130.49K","0.51%"
"08/22/2022","1,285.45","1,294.78","1,295.69","1,281.96","128.87K","-0.73%"
"08/19/2022","1,294.93","1,297.97","1,303.73","1,289.57","154.23K","-0.38%"
"08/18/2022","1,299.93","1,299.09","1,311.73","1,295.54","162.05K","-0.04%"
"08/17/2022","1,300.40","1,297.25","1,304.49","1,296.58","146.61K","0.41%"
"08/16/2022","1,295.10","1,293.72","1,297.38","1,290.52","155.26K","0.10%"
"08/15/2022","1,293.79","1,287.13","1,294.11","1,285.02","149.05K","1.00%"
"08/12/2022","1,280.96","1,271.39","1,280.96","1,267.14","113.93K","0.68%"
"08/11/2022","1,272.33","1,282.09","1,289.29","1,267.04","175.28K","-0.38%"
"08/10/2022","1,277.15","1,279.58","1,283.06","1,276.07","117.05K","-0.33%"
"08/09/2022","1,281.44","1,281.38","1,285.52","1,275.12","161.80K","0.37%"
"08/08/2022","1,276.70","1,270.27","1,280.13","1,270.13","141.95K","0.36%"
"08/05/2022","1,272.06","1,274.48","1,276.19","1,265.93","172.67K","-0.44%"
"08/04/2022","1,277.73","1,273.71","1,281.46","1,270.66","164.09K","0.62%"
"08/03/2022","1,269.83","1,259.26","1,271.39","1,256.39","184.35K","0.30%"
"08/02/2022","1,265.97","1,256.32","1,266.14","1,248.97","172.18K","0.77%"
"08/01/2022","1,256.25","1,233.85","1,256.25","1,233.64","175.84K","1.97%"
"07/29/2022","1,232.00","1,243.17","1,243.17","1,232.00","142.29K","-0.33%"
"07/28/2022","1,236.14","1,228.73","1,240.65","1,226.95","180.06K","1.37%"
"07/27/2022","1,219.43","1,218.13","1,219.43","1,211.42","95.58K","0.08%"
"07/26/2022","1,218.49","1,221.43","1,227.10","1,218.11","93.44K","-0.34%"
"07/25/2022","1,222.60","1,228.11","1,231.84","1,219.61","94.34K","-0.51%"
"07/22/2022","1,228.84","1,238.46","1,241.65","1,228.84","106.14K","-0.52%"
"07/21/2022","1,235.25","1,227.31","1,240.91","1,226.88","127.72K","0.79%"
"07/20/2022","1,225.62","1,220.25","1,229.62","1,217.45","123.38K","1.15%"
"07/19/2022","1,211.70","1,213.55","1,213.64","1,204.61","100.59K","-0.21%"
"07/18/2022","1,214.28","1,225.40","1,225.69","1,213.28","104.04K","-0.48%"
"07/15/2022","1,220.14","1,224.15","1,228.48","1,217.21","147.67K","-0.15%"
"07/14/2022","1,221.94","1,213.73","1,224.01","1,211.14","106.76K","0.41%"
"07/13/2022","1,216.94","1,216.83","1,225.85","1,213.41","117.18K","-0.21%"
"07/12/2022","1,219.44","1,208.06","1,219.44","1,204.84","88.68K","0.86%"
"07/11/2022","1,209.02","1,224.20","1,224.20","1,200.15","131.00K","-1.83%"
"07/08/2022","1,231.54","1,235.65","1,236.85","1,225.04","115.99K","0.19%"
"07/07/2022","1,229.23","1,212.36","1,229.23","1,209.97","98.64K","1.43%"
"07/06/2022","1,211.94","1,241.19","1,241.19","1,211.94","131.18K","-2.42%"
"07/05/2022","1,242.05","1,252.48","1,256.47","1,239.80","162.03K","-0.51%"
"07/04/2022","1,248.37","1,256.20","1,260.72","1,244.50","112.84K","-0.31%"
"07/01/2022","1,252.24","1,247.70","1,255.67","1,225.64","118.89K","0.27%"
"06/30/2022","1,248.92","1,273.99","1,276.23","1,248.92","118.01K","-1.92%"
"06/29/2022","1,273.40","1,259.83","1,274.73","1,259.41","113.30K","0.00%"
"06/28/2022","1,273.41","1,254.35","1,276.21","1,249.57","151.57K","1.33%"
"06/27/2022","1,256.67","1,238.23","1,256.67","1,237.79","110.60K","1.72%"
"06/24/2022","1,235.47","1,239.54","1,246.22","1,234.72","90.44K","-0.41%"
"06/23/2022","1,240.58","1,227.18","1,240.58","1,219.08","105.24K","1.09%"
"06/22/2022","1,227.18","1,233.28","1,242.06","1,222.86","142.70K","0.22%"
"06/21/2022","1,224.54","1,220.76","1,240.80","1,212.69","172.80K","-0.08%"
"06/20/2022","1,225.56","1,258.30","1,262.83","1,223.03","168.77K","-2.58%"
"06/17/2022","1,258.03","1,254.05","1,259.39","1,229.74","187.30K","-1.74%"
"06/16/2022","1,280.37","1,266.87","1,292.02","1,263.56","156.46K","2.18%"
"06/15/2022","1,253.09","1,263.96","1,268.33","1,231.12","167.43K","-0.64%"
"06/14/2022","1,261.16","1,247.39","1,271.28","1,245.26","145.64K","0.02%"
"06/13/2022","1,260.85","1,295.26","1,300.45","1,260.85","199.02K","-4.89%"
"06/10/2022","1,325.69","1,332.93","1,344.85","1,325.69","136.59K","-1.28%"
"06/09/2022","1,342.92","1,344.56","1,346.13","1,335.28","126.60K","0.07%"
"06/08/2022","1,342.03","1,328.95","1,348.40","1,325.65","163.07K","1.33%"
"06/07/2022","1,324.37","1,323.19","1,324.37","1,297.98","153.98K","-0.20%"
"06/06/2022","1,327.04","1,328.73","1,336.96","1,320.97","132.83K","-0.03%"
"06/03/2022","1,327.40","1,325.49","1,329.90","1,313.40","100.18K","0.14%"
"06/02/2022","1,325.49","1,339.12","1,342.47","1,319.85","133.90K","-0.75%"
"06/01/2022","1,335.49","1,329.02","1,341.47","1,323.07","127.58K","0.22%"
"05/31/2022","1,332.59","1,342.08","1,342.08","1,324.46","127.92K","-0.77%"
"05/30/2022","1,342.87","1,337.39","1,342.87","1,329.38","121.53K","0.54%"
"05/27/2022","1,335.68","1,311.78","1,336.99","1,310.64","139.41K","2.00%"
"05/26/2022","1,309.50","1,312.56","1,319.21","1,304.59","127.93K","-0.09%"
"05/25/2022","1,310.70","1,277.54","1,311.32","1,273.29","172.70K","2.98%"
"05/24/2022","1,272.71","1,255.77","1,272.71","1,242.36","146.37K","1.38%"
"05/23/2022","1,255.35","1,287.49","1,287.65","1,245.41","139.33K","-2.12%"
"05/20/2022","1,282.51","1,284.89","1,296.00","1,273.40","110.10K","-0.08%"
"05/19/2022","1,283.55","1,259.59","1,291.49","1,255.63","130.08K","-0.22%"
"05/18/2022","1,286.41","1,289.50","1,298.69","1,268.13","159.94K","0.54%"
"05/17/2022","1,279.55","1,211.88","1,279.55","1,203.51","161.82K","5.31%"
"05/16/2022","1,215.08","1,254.88","1,258.25","1,214.29","172.77K","-0.71%"
"05/13/2022","1,223.76","1,281.28","1,284.94","1,219.52","237.56K","-4.38%"
"05/12/2022","1,279.76","1,337.01","1,339.25","1,279.48","163.22K","-5.19%"
"05/11/2022","1,349.82","1,344.14","1,355.11","1,324.20","94.77K","0.32%"
"05/10/2022","1,345.46","1,312.10","1,345.46","1,285.67","157.23K","2.39%"
"05/09/2022","1,314.04","1,358.56","1,360.64","1,308.34","200.88K","-4.31%"
"05/06/2022","1,373.21","1,399.54","1,399.54","1,371.00","129.91K","-2.25%"
"05/05/2022","1,404.88","1,402.60","1,405.43","1,373.42","122.13K","1.10%"
"05/04/2022","1,389.59","1,415.43","1,415.45","1,389.59","114.19K","-1.96%"
"04/29/2022","1,417.31","1,400.88","1,417.31","1,394.17","128.04K","1.17%"
"04/28/2022","1,400.88","1,400.60","1,407.82","1,392.24","91.68K","-0.08%"
"04/27/2022","1,402.03","1,394.85","1,407.70","1,362.87","108.12K","0.37%"
"04/26/2022","1,396.90","1,347.83","1,397.43","1,318.50","181.78K","2.23%"
"04/25/2022","1,366.39","1,444.79","1,445.62","1,356.36","202.43K","-5.40%"
"04/22/2022","1,444.32","1,439.32","1,455.15","1,419.05","150.76K","1.22%"
"04/21/2022","1,426.87","1,434.77","1,452.41","1,422.70","172.36K","-0.60%"
"04/20/2022","1,435.50","1,440.90","1,453.81","1,434.87","150.22K","-0.35%"
"04/19/2022","1,440.61","1,471.63","1,478.50","1,440.61","156.62K","-1.88%"
"04/18/2022","1,468.25","1,493.17","1,493.24","1,466.73","194.44K","-1.71%"
"04/15/2022","1,493.74","1,514.89","1,518.85","1,491.26","181.77K","-1.60%"
"04/14/2022","1,518.01","1,526.49","1,534.28","1,517.07","119.61K","-0.48%"
"04/13/2022","1,525.39","1,512.37","1,526.44","1,506.45","143.87K","1.21%"
"04/12/2022","1,507.20","1,530.30","1,532.03","1,506.41","152.48K","-1.12%"
"04/08/2022","1,524.31","1,541.78","1,547.60","1,524.31","156.34K","-1.14%"
"04/07/2022","1,541.96","1,561.14","1,566.09","1,541.96","198.97K","-0.97%"
"04/06/2022","1,557.11","1,534.23","1,558.41","1,529.23","203.57K","1.16%"
"04/05/2022","1,539.20","1,544.34","1,549.77","1,539.20","125.17K","-0.57%"
"04/04/2022","1,548.04","1,558.21","1,558.98","1,546.46","160.18K","0.36%"
"04/01/2022","1,542.47","1,509.01","1,542.47","1,506.11","195.61K","2.25%"
"03/31/2022","1,508.53","1,502.38","1,512.47","1,500.67","121.69K","0.55%"
"03/30/2022","1,500.23","1,497.98","1,513.91","1,496.59","163.90K","-0.02%"
"03/29/2022","1,500.57","1,484.95","1,501.05","1,484.95","110.33K","1.11%"
"03/28/2022","1,484.16","1,493.12","1,497.06","1,477.72","177.24K","-0.95%"
"03/25/2022","1,498.36","1,499.34","1,503.18","1,494.28","109.44K","0.06%"
"03/24/2022","1,497.44","1,506.49","1,506.79","1,496.96","115.64K","-0.54%"
"03/23/2022","1,505.59","1,514.61","1,519.58","1,505.59","132.33K","-0.52%"
"03/22/2022","1,513.40","1,507.38","1,516.70","1,506.10","155.23K","0.71%"
"03/21/2022","1,502.67","1,480.29","1,502.67","1,480.29","124.70K","1.74%"
"03/18/2022","1,476.94","1,474.02","1,482.96","1,474.02","148.42K","0.48%"
"03/17/2022","1,469.92","1,480.32","1,480.86","1,469.92","109.38K","-0.19%"
"03/16/2022","1,472.69","1,475.17","1,478.42","1,467.95","106.84K","0.26%"
"03/15/2022","1,468.89","1,461.40","1,469.52","1,455.16","136.42K","0.53%"
"03/14/2022","1,461.10","1,471.44","1,473.98","1,454.34","177.21K","-1.09%"
"03/11/2022","1,477.14","1,487.92","1,490.83","1,469.22","178.19K","-0.88%"
"03/10/2022","1,490.24","1,491.90","1,505.50","1,490.24","148.75K","0.07%"
"03/09/2022","1,489.25","1,493.96","1,497.75","1,485.15","190.16K","-0.06%"
"03/08/2022","1,490.17","1,500.07","1,506.65","1,486.68","222.31K","-1.26%"
"03/07/2022","1,509.12","1,514.76","1,518.32","1,505.79","222.54K","-1.06%"
"03/04/2022","1,525.34","1,525.23","1,529.93","1,519.97","220.07K","0.19%"
"03/03/2022","1,522.49","1,507.53","1,522.49","1,502.41","244.08K","1.59%"
"03/02/2022","1,498.61","1,516.31","1,517.49","1,495.16","291.45K","-1.42%"
"03/01/2022","1,520.12","1,521.44","1,525.00","1,515.49","187.03K","0.19%"
"02/28/2022","1,517.18","1,525.58","1,533.32","1,512.45","193.57K","-0.61%"
"02/25/2022","1,526.50","1,531.97","1,540.13","1,526.50","198.11K","0.29%"
"02/24/2022","1,522.04","1,537.50","1,540.13","1,503.22","275.31K","-1.09%"
"02/23/2022","1,538.83","1,536.60","1,547.19","1,534.19","158.14K","0.42%"
"02/22/2022","1,532.36","1,532.07","1,532.36","1,510.07","223.63K","-0.07%"
"02/21/2022","1,533.40","1,530.65","1,537.56","1,522.48","163.18K","0.13%"
"02/18/2022","1,531.47","1,525.21","1,533.53","1,523.88","155.11K","-0.59%"
"02/17/2022","1,540.51","1,521.37","1,540.51","1,521.37","146.57K","1.25%"
"02/16/2022","1,521.47","1,534.39","1,534.50","1,517.52","122.06K","-0.39%"
"02/15/2022","1,527.36","1,508.25","1,530.04","1,506.69","180.95K","1.48%"
"02/14/2022","1,505.07","1,530.50","1,536.77","1,505.07","254.06K","-2.64%"
"02/11/2022","1,545.92","1,544.76","1,549.37","1,540.50","167.68K","-0.20%"
"02/10/2022","1,548.95","1,554.98","1,557.89","1,536.02","225.00K","-0.22%"
"02/09/2022","1,552.44","1,554.59","1,570.32","1,552.44","230.55K","0.13%"
"02/08/2022","1,550.46","1,539.49","1,555.01","1,537.16","218.96K","0.60%"
"02/07/2022","1,541.25","1,548.38","1,555.01","1,541.25","182.87K","0.59%"
"01/28/2022","1,532.24","1,516.40","1,535.57","1,515.85","194.57K","1.03%"
"01/27/2022","1,516.57","1,520.82","1,528.81","1,507.26","158.58K","-0.57%"
"01/26/2022","1,525.31","1,519.90","1,533.61","1,516.96","236.86K","0.60%"
"01/25/2022","1,516.16","1,471.56","1,516.16","1,466.07","191.55K","3.05%"
"01/24/2022","1,471.31","1,496.36","1,499.22","1,465.76","243.48K","-2.05%"
"01/21/2022","1,502.16","1,497.61","1,508.65","1,492.21","218.98K","0.63%"
"01/20/2022","1,492.81","1,479.81","1,499.47","1,474.67","163.72K","0.69%"
"01/19/2022","1,482.55","1,479.74","1,491.00","1,475.06","142.26K","0.37%"
"01/18/2022","1,477.06","1,473.04","1,489.13","1,464.41","214.02K","-0.10%"
"01/17/2022","1,478.61","1,523.17","1,529.28","1,478.61","290.14K","-2.95%"
"01/14/2022","1,523.57","1,523.96","1,530.20","1,513.17","135.95K","-0.19%"
"01/13/2022","1,526.43","1,533.38","1,548.49","1,524.66","308.82K","-0.24%"
"01/12/2022","1,530.04","1,498.63","1,530.04","1,484.93","282.09K","2.02%"
"01/11/2022","1,499.74","1,516.74","1,519.84","1,497.78","187.02K","-0.99%"
"01/10/2022","1,514.70","1,531.13","1,537.71","1,514.70","200.03K","-1.14%"
"01/07/2022","1,532.24","1,548.77","1,550.47","1,532.24","200.63K","-0.82%"
"01/06/2022","1,544.95","1,542.34","1,554.97","1,541.19","231.96K","-0.07%"
"01/05/2022","1,546.01","1,559.33","1,562.93","1,546.01","222.22K","-0.82%"
"01/04/2022","1,558.87","1,536.45","1,562.54","1,536.45","207.49K","1.51%"